"","speciesCode","comName","sciName","locId","locName","obsDt","howMany","lat","lng","obsValid","obsReviewed","locationPrivate","subId"
"1","btywar","Black-throated Gray Warbler","Setophaga nigrescens","L27062189","seeing birds","2025-07-23 15:01",1,47.9949033,-122.5384626,TRUE,FALSE,TRUE,"S262224239"
"2","btywar","Black-throated Gray Warbler","Setophaga nigrescens","L50347150","Hermit Road Greenway, Grand Canyon Village, Arizona, US (36.064, -112.207)","2025-07-23 14:41",1,36.0642939,-112.2073023,TRUE,FALSE,TRUE,"S262228764"
"3","btywar","Black-throated Gray Warbler","Setophaga nigrescens","L931349","William L. Finley NWR--Mill Hill Loop","2025-07-23 12:11",1,44.401564,-123.3449221,TRUE,FALSE,FALSE,"S262216709"
"4","btywar","Black-throated Gray Warbler","Setophaga nigrescens","L3611743","Galiuro Mtns--High Creek Trail","2025-07-23 11:03",2,32.570168,-110.263039,TRUE,FALSE,FALSE,"S262232504"
"5","btywar","Black-throated Gray Warbler","Setophaga nigrescens","L13168690","Home","2025-07-23 10:30",1,36.3325504,-105.6099821,TRUE,FALSE,TRUE,"S262182732"
"6","btywar","Black-throated Gray Warbler","Setophaga nigrescens","L7320991","Lincoln NF--Bridal Veil Trail and Falls","2025-07-23 09:34",1,32.9610741,-105.8545589,TRUE,FALSE,FALSE,"S262171856"
"7","btywar","Black-throated Gray Warbler","Setophaga nigrescens","L4681383","Annapolis Rd.","2025-07-23 09:17",1,38.7004823,-123.417449,TRUE,FALSE,FALSE,"S262167213"
"8","btywar","Black-throated Gray Warbler","Setophaga nigrescens","L50348077","West High Creek Road, Willcox US-AZ (32.5519,-110.2378)","2025-07-23 09:13",3,32.551937,-110.237785,TRUE,FALSE,TRUE,"S262232346"
"9","btywar","Black-throated Gray Warbler","Setophaga nigrescens","L32030345","Secret Trail - Madera Canyon","2025-07-23 08:38",2,31.70788,-110.863685,TRUE,FALSE,TRUE,"S262213892"
"10","btywar","Black-throated Gray Warbler","Setophaga nigrescens","L4094976","stakeout Sulphur-bellied Flycatcher, Bear Canyon pullout","2025-07-23 07:16",1,32.36573,-110.709329,TRUE,FALSE,FALSE,"S262188632"
"11","btywar","Black-throated Gray Warbler","Setophaga nigrescens","L50317852","Auto selected 39.02862, -108.00990","2025-07-23 06:53",1,39.028615,-108.0099,TRUE,FALSE,TRUE,"S262108910"
"12","btywar","Black-throated Gray Warbler","Setophaga nigrescens","L1135899","Benbow Dam Rd. and trail","2025-07-23 06:47",1,40.0656577,-123.8098669,TRUE,FALSE,FALSE,"S262188371"
"13","btywar","Black-throated Gray Warbler","Setophaga nigrescens","L27655073","Hoh River Trail--lower section","2025-07-23 06:14",1,47.8659185,-123.8712624,TRUE,FALSE,FALSE,"S262196892"
"14","btywar","Black-throated Gray Warbler","Setophaga nigrescens","L44826346","Rock Canyon--Mid Elevations","2025-07-22 18:30",NA,40.26515,-111.60957,TRUE,FALSE,FALSE,"S262028075"
"15","btywar","Black-throated Gray Warbler","Setophaga nigrescens","L296633","Madera Canyon--Mt. Wrightson Picnic Area & Upper Canyon Trails","2025-07-22 17:16",3,31.7124,-110.8744,TRUE,FALSE,FALSE,"S262202124"
"16","btywar","Black-throated Gray Warbler","Setophaga nigrescens","L3073664","Steens Mountain Loop--Donner und Blitzen Crossing","2025-07-22 16:43",2,42.6386313,-118.7640524,TRUE,FALSE,FALSE,"S262209015"
"17","btywar","Black-throated Gray Warbler","Setophaga nigrescens","L1130605","Zion NP--Kolob Canyon Rd","2025-07-22 13:41",1,37.4518885,-113.191638,TRUE,FALSE,FALSE,"S262219696"
"18","btywar","Black-throated Gray Warbler","Setophaga nigrescens","L586551","Grand Canyon NP--Yavapai Point","2025-07-22 13:09",1,36.06616,-112.1176404,TRUE,FALSE,FALSE,"S261983965"
"19","btywar","Black-throated Gray Warbler","Setophaga nigrescens","L503396","Price Canyon--Recreation Area Rd.","2025-07-22 12:10",3,39.7615172,-110.9174001,TRUE,FALSE,FALSE,"S262034876"
"20","btywar","Black-throated Gray Warbler","Setophaga nigrescens","L50283090","98304, Ashford US-WA 46.76240, -122.03973","2025-07-22 11:42",1,46.762399,-122.039732,TRUE,FALSE,TRUE,"S261956432"
"21","btywar","Black-throated Gray Warbler","Setophaga nigrescens","L12157712","Manti-La Sal National Forest, Moab US-UT 38.51241, -109.35146","2025-07-22 10:50",1,38.512406,-109.35146,TRUE,FALSE,TRUE,"S261968099"
"22","btywar","Black-throated Gray Warbler","Setophaga nigrescens","L14936413","Camp Amberwood","2025-07-22 10:30",1,40.5242467,-121.8019874,TRUE,FALSE,TRUE,"S262038550"
"23","btywar","Black-throated Gray Warbler","Setophaga nigrescens","L4692895","Moab--Lions Park","2025-07-22 09:02",1,38.6031381,-109.5753461,TRUE,FALSE,FALSE,"S262034938"
"24","btywar","Black-throated Gray Warbler","Setophaga nigrescens","L743272","Millicoma Marsh","2025-07-22 08:57",2,43.3682768,-124.1908908,TRUE,FALSE,FALSE,"S261946939"
"25","btywar","Black-throated Gray Warbler","Setophaga nigrescens","L1798823","Jack's Spring","2025-07-22 08:43",1,39.0973949,-119.6017376,TRUE,FALSE,TRUE,"S261973496"
"26","btywar","Black-throated Gray Warbler","Setophaga nigrescens","L270121","Angeles NF--Buckhorn Campground","2025-07-22 08:27",1,34.3457038,-117.915262,TRUE,FALSE,FALSE,"S262021765"
"27","btywar","Black-throated Gray Warbler","Setophaga nigrescens","L129056","Pinery Canyon","2025-07-22 07:44",1,31.9328003,-109.2713013,TRUE,FALSE,FALSE,"S261953129"
"28","btywar","Black-throated Gray Warbler","Setophaga nigrescens","L8459302","Green Island (restricted access)","2025-07-22 07:41",1,44.1481835,-123.1149176,TRUE,FALSE,FALSE,"S261933371"
"29","btywar","Black-throated Gray Warbler","Setophaga nigrescens","L129099","Cave Creek Canyon--South Fork","2025-07-22 07:22",1,31.8688764,-109.1883919,TRUE,FALSE,FALSE,"S261994771"
"30","btywar","Black-throated Gray Warbler","Setophaga nigrescens","L3073666","Steens Mountain Loop--South Steens Campground","2025-07-22 06:54",1,42.6558347,-118.7274885,TRUE,FALSE,FALSE,"S262209260"
"31","btywar","Black-throated Gray Warbler","Setophaga nigrescens","L13487264","Cibola NF--Capulin Snowplay Site and The Log (Sandoval Co.)","2025-07-22 06:53",1,35.2183353,-106.4158435,TRUE,FALSE,FALSE,"S261906624"
"32","btywar","Black-throated Gray Warbler","Setophaga nigrescens","L3871674","Grand Canyon NP--Visitor Center","2025-07-22 06:30",3,36.0589308,-112.1092182,TRUE,FALSE,FALSE,"S261887796"
"33","btywar","Black-throated Gray Warbler","Setophaga nigrescens","L50294884","CN Wash","2025-07-22 06:03",1,32.567696,-109.818004,TRUE,FALSE,TRUE,"S262004072"
"34","btywar","Black-throated Gray Warbler","Setophaga nigrescens","L50235937","Bear Spring Trail","2025-07-22 05:56",2,31.389077,-110.344513,TRUE,FALSE,TRUE,"S261969853"
"35","btywar","Black-throated Gray Warbler","Setophaga nigrescens","L50085670","191–199 Mine Rd, La Plata","2025-07-22 05:45",1,36.969106,-108.166018,TRUE,FALSE,TRUE,"S261862367"
"36","btywar","Black-throated Gray Warbler","Setophaga nigrescens","L44432504","OR; LI; Albany; 462 26th Ave SE, PUC","2025-07-21 18:54",2,44.6157887,-123.0966618,TRUE,FALSE,TRUE,"S261796176"
"37","btywar","Black-throated Gray Warbler","Setophaga nigrescens","L128885","Barfoot Park","2025-07-21 15:34",1,31.9172001,-109.2790985,TRUE,FALSE,FALSE,"S261769540"
"38","btywar","Black-throated Gray Warbler","Setophaga nigrescens","L128945","Chiricahua National Monument","2025-07-21 15:33",1,32.0054606,-109.3566656,TRUE,FALSE,FALSE,"S261793831"
"39","btywar","Black-throated Gray Warbler","Setophaga nigrescens","L129069","Rustler Park","2025-07-21 14:23",1,31.9030991,-109.2776031,TRUE,FALSE,FALSE,"S261769624"
"40","btywar","Black-throated Gray Warbler","Setophaga nigrescens","L168704","Randall Davey Audubon Center","2025-07-21 13:31",6,35.6901148,-105.8881831,TRUE,FALSE,FALSE,"S261745584"
"41","btywar","Black-throated Gray Warbler","Setophaga nigrescens","L10413473","Walnut Road NW, Olympia, Washington, US (47.059, -122.935)","2025-07-21 13:25",2,47.0585547,-122.934507,TRUE,FALSE,TRUE,"S261780709"
"42","btywar","Black-throated Gray Warbler","Setophaga nigrescens","L7158052","Conboy Lake NWR--Lake Rd.","2025-07-21 10:39",1,45.9788826,-121.3236932,TRUE,FALSE,FALSE,"S261761097"
"43","btywar","Black-throated Gray Warbler","Setophaga nigrescens","L3672517","Mt. Ord--FR 1688","2025-07-21 10:26",2,33.9211769,-111.4143384,TRUE,FALSE,FALSE,"S261733962"
"44","btywar","Black-throated Gray Warbler","Setophaga nigrescens","L50250172","W Pinery Canyon Rd, San Simon US-AZ 31.92922, -109.25743","2025-07-21 09:00",1,31.929216,-109.257429,TRUE,FALSE,TRUE,"S261815846"
"45","btywar","Black-throated Gray Warbler","Setophaga nigrescens","L129062","Ramsey Canyon Preserve (formerly Mile Hi Ranch)","2025-07-21 08:40",1,31.4473746,-110.307608,TRUE,FALSE,FALSE,"S261753526"
"46","btywar","Black-throated Gray Warbler","Setophaga nigrescens","L2883702","Kinney Creek Trail","2025-07-21 08:27",1,42.7608537,-112.3951793,TRUE,FALSE,FALSE,"S261676776"
"47","btywar","Black-throated Gray Warbler","Setophaga nigrescens","L9904577","Ladybug Saddle","2025-07-21 08:25",1,32.622568,-109.823525,TRUE,FALSE,FALSE,"S261785707"
"48","btywar","Black-throated Gray Warbler","Setophaga nigrescens","L20092784","Randall Davey Audubon Center and Bear Canyon Trail","2025-07-21 08:05",4,35.689715,-105.888831,TRUE,FALSE,TRUE,"S261724421"
"49","btywar","Black-throated Gray Warbler","Setophaga nigrescens","L129102","Cave Creek Canyon--Southwestern Research Station","2025-07-21 07:47",1,31.8835432,-109.2058731,TRUE,FALSE,FALSE,"S261717067"
"50","btywar","Black-throated Gray Warbler","Setophaga nigrescens","L50229036","Prescott National Forest, Hickey Tank 34.71608, -112.16456","2025-07-21 07:40",1,34.716078,-112.164563,TRUE,FALSE,TRUE,"S261725592"
"51","btywar","Black-throated Gray Warbler","Setophaga nigrescens","L11564582","Trout Lake Natural Area Preserve--Northwest Access Area","2025-07-21 07:15",1,46.018507,-121.5697598,TRUE,FALSE,FALSE,"S261765082"
"52","btywar","Black-throated Gray Warbler","Setophaga nigrescens","L267654","Mt. Lemmon--Marshall Gulch","2025-07-21 07:06",1,32.4280212,-110.7556783,TRUE,FALSE,FALSE,"S261778986"
"53","btywar","Black-throated Gray Warbler","Setophaga nigrescens","L15151971","Newman Ranch","2025-07-21 06:58",1,39.6383,-106.788742,TRUE,FALSE,TRUE,"S261724418"
"54","btywar","Black-throated Gray Warbler","Setophaga nigrescens","L50245364","Birds","2025-07-21 06:38",1,47.0326294,-122.8166677,TRUE,FALSE,TRUE,"S261794429"
"55","btywar","Black-throated Gray Warbler","Setophaga nigrescens","L50189094","James Pond Nature Trail, Forks US-WA 47.91949, -124.60334","2025-07-20 19:15",1,47.919495,-124.603338,TRUE,FALSE,TRUE,"S261553466"
"56","btywar","Black-throated Gray Warbler","Setophaga nigrescens","L50182074","Grand Canyon Village, Arizona, US (36.002, -112.034)","2025-07-20 14:58",1,36.0021451,-112.0340025,TRUE,FALSE,TRUE,"S261523047"
"57","btywar","Black-throated Gray Warbler","Setophaga nigrescens","L1810473","Olympic NP--Hoh Rain Forest Visitor Center","2025-07-20 14:20",1,47.8605193,-123.9344484,TRUE,FALSE,FALSE,"S261543498"
"58","btywar","Black-throated Gray Warbler","Setophaga nigrescens","L298030","Carkeek Park","2025-07-20 14:13",1,47.7126411,-122.377647,TRUE,FALSE,FALSE,"S261712828"
"59","btywar","Black-throated Gray Warbler","Setophaga nigrescens","L50118562","3450 Kings Valley Highway, Dallas, Oregon, US (44.885, -123.318)","2025-07-20 13:59",1,44.8854739,-123.3177982,TRUE,FALSE,TRUE,"S261508551"
"60","btywar","Black-throated Gray Warbler","Setophaga nigrescens","L15274318","US-OR- Silver Ridge Rd Marion Co","2025-07-20 13:51",1,44.8800356,-122.6794447,TRUE,FALSE,TRUE,"S261518707"
"61","btywar","Black-throated Gray Warbler","Setophaga nigrescens","L13080520","Packwood Skate Creek Park","2025-07-20 12:50",4,46.6175579,-121.6871101,TRUE,FALSE,FALSE,"S261477118"
"62","btywar","Black-throated Gray Warbler","Setophaga nigrescens","L687988","Angeles NF--Barley Flats","2025-07-20 11:15",1,34.2779995,-118.0698109,TRUE,FALSE,FALSE,"S261504886"
"63","btywar","Black-throated Gray Warbler","Setophaga nigrescens","L50250089","Forest Service Road 42D, San Simon US-AZ 31.91663, -109.26593","2025-07-20 11:11",2,31.91663,-109.265929,TRUE,FALSE,TRUE,"S261815457"
"64","btywar","Black-throated Gray Warbler","Setophaga nigrescens","L50164006","11701 S Downing Pass, San Simon US-AZ 31.91659, -109.26613","2025-07-20 11:04",1,31.916587,-109.266133,TRUE,FALSE,TRUE,"S261453141"
"65","btywar","Black-throated Gray Warbler","Setophaga nigrescens","L285637","Calliope Crossing","2025-07-20 10:53",1,44.3507699,-121.5526056,TRUE,FALSE,FALSE,"S261913532"
"66","btywar","Black-throated Gray Warbler","Setophaga nigrescens","L1413967","Whitaker Ponds Nature Park","2025-07-20 10:52",1,45.5733692,-122.6113719,TRUE,FALSE,FALSE,"S261479305"
"67","btywar","Black-throated Gray Warbler","Setophaga nigrescens","L789141","Timber Camp CG","2025-07-20 10:12",1,33.6879246,-110.5712986,TRUE,FALSE,FALSE,"S261444171"
"68","btywar","Black-throated Gray Warbler","Setophaga nigrescens","L1235322","Southern Humboldt Community Park","2025-07-20 09:57",2,40.087561,-123.80253,TRUE,FALSE,FALSE,"S261478625"
"69","btywar","Black-throated Gray Warbler","Setophaga nigrescens","L711753","Onion Saddle","2025-07-20 09:54",1,31.9331799,-109.2636037,TRUE,FALSE,FALSE,"S261815182"
"70","btywar","Black-throated Gray Warbler","Setophaga nigrescens","L50159468","Forest Service Road 42B, Bowie US-AZ 31.92623, -109.26630","2025-07-20 09:47",1,31.926227,-109.266295,TRUE,FALSE,TRUE,"S261437162"
"71","btywar","Black-throated Gray Warbler","Setophaga nigrescens","L46906881","Dolores County Road S, Cahone","2025-07-20 09:40",3,37.6602498,-108.715701,TRUE,FALSE,TRUE,"S261546010"
"72","btywar","Black-throated Gray Warbler","Setophaga nigrescens","L128937","Carr Canyon--Reef Townsite CG","2025-07-20 09:19",1,31.4286245,-110.2909517,TRUE,FALSE,FALSE,"S261445307"
"73","btywar","Black-throated Gray Warbler","Setophaga nigrescens","L50186210","Ridley Creek Trail, Deming US-WA 48.72625, -121.90178","2025-07-20 09:08",1,48.726248,-121.901781,TRUE,FALSE,TRUE,"S261542111"
"74","btywar","Black-throated Gray Warbler","Setophaga nigrescens","L50225673","Santa Fe NF—P-J (Rio Arriba Co.)","2025-07-20 08:55",1,36.003333,-105.8414453,TRUE,FALSE,TRUE,"S261548266"
"75","btywar","Black-throated Gray Warbler","Setophaga nigrescens","L50187279","Santa Fe National Forest, Cordova US-NM 36.00314, -105.84179","2025-07-20 08:55",1,36.003135,-105.841789,TRUE,FALSE,TRUE,"S261545914"
"76","btywar","Black-throated Gray Warbler","Setophaga nigrescens","L15611225","Taylor Canyon Trail","2025-07-20 08:45",2,41.2144773,-111.9201941,TRUE,FALSE,FALSE,"S261477261"
"77","btywar","Black-throated Gray Warbler","Setophaga nigrescens","L25359537","Lewis and Clark National Historical Park","2025-07-20 08:31",1,46.134512,-123.8803124,TRUE,FALSE,FALSE,"S261411040"
"78","btywar","Black-throated Gray Warbler","Setophaga nigrescens","L2374012","FR 42--E Turkey Creek to Onion Saddle","2025-07-20 08:24",1,31.9245147,-109.2540014,TRUE,FALSE,FALSE,"S261809750"
"79","btywar","Black-throated Gray Warbler","Setophaga nigrescens","L264842","Miller Canyon--Beatty's Guest Ranch","2025-07-20 07:57",2,31.4156019,-110.2765277,TRUE,FALSE,FALSE,"S261459380"
"80","btywar","Black-throated Gray Warbler","Setophaga nigrescens","L2365664","Mesa Verde NP--Spruce Canyon & Pictograph Loop Trails","2025-07-20 07:20",5,37.1808358,-108.4894368,TRUE,FALSE,FALSE,"S261418038"
"81","btywar","Black-throated Gray Warbler","Setophaga nigrescens","L823794","Nehalem Bay SP","2025-07-20 07:15",1,45.6883197,-123.9372826,TRUE,FALSE,FALSE,"S261442073"
"82","btywar","Black-throated Gray Warbler","Setophaga nigrescens","L5105498","Angeles NF--Burkhart Trail, Buckhorn CG to Cooper Canyon Falls","2025-07-20 07:13",2,34.3567824,-117.9060459,TRUE,FALSE,FALSE,"S261445795"
"83","btywar","Black-throated Gray Warbler","Setophaga nigrescens","L1230188","Whiskey Springs","2025-07-20 07:10",1,44.470222,-121.573111,TRUE,FALSE,FALSE,"S261483360"
"84","btywar","Black-throated Gray Warbler","Setophaga nigrescens","L502613","Westgard Pass","2025-07-20 07:08",3,37.2805483,-118.1518692,TRUE,FALSE,FALSE,"S261482292"
"85","btywar","Black-throated Gray Warbler","Setophaga nigrescens","L34392019","Cherry Ck W","2025-07-20 07:01",1,32.909492,-108.229842,TRUE,FALSE,TRUE,"S261528807"
"86","btywar","Black-throated Gray Warbler","Setophaga nigrescens","L40546060","Backyard CA 37.06259, -122.12022","2025-07-20 07:01",1,37.062595,-122.120217,TRUE,FALSE,TRUE,"S261401039"
"87","btywar","Black-throated Gray Warbler","Setophaga nigrescens","L269895","Olympic NP--Hoh Rain Forest","2025-07-20 06:20",1,47.8540969,-123.9388149,TRUE,FALSE,FALSE,"S261429437"
"88","btywar","Black-throated Gray Warbler","Setophaga nigrescens","L864125","Pine Mountain Fire Rd.","2025-07-20 05:58",4,37.9667,-122.6267338,TRUE,FALSE,FALSE,"S261484155"
"89","btywar","Black-throated Gray Warbler","Setophaga nigrescens","L10883663","Mustang Ridge Campground","2025-07-19 20:48",2,40.9280969,-109.4372772,TRUE,FALSE,FALSE,"S261251646"
"90","btywar","Black-throated Gray Warbler","Setophaga nigrescens","L11287539","Bradfield Recreation Site","2025-07-19 17:51",1,37.6581284,-108.7368025,TRUE,FALSE,FALSE,"S261255448"
"91","btywar","Black-throated Gray Warbler","Setophaga nigrescens","L5874058","Crestone (town)","2025-07-19 17:22",1,37.9976507,-105.6992054,TRUE,FALSE,FALSE,"S261217761"
"92","btywar","Black-throated Gray Warbler","Setophaga nigrescens","L3054602","Llandover Woods Greenspace","2025-07-19 17:10",1,47.7328257,-122.3628473,TRUE,FALSE,FALSE,"S261241492"
"93","btywar","Black-throated Gray Warbler","Setophaga nigrescens","L18580780","9868 North Willow Loop, Mount Lemmon, Arizona, US (32.388, -110.704)","2025-07-19 17:01",1,32.3884138,-110.7044502,TRUE,FALSE,TRUE,"S261422425"
"94","btywar","Black-throated Gray Warbler","Setophaga nigrescens","L951782","Yellow Fork Canyon -- Lower","2025-07-19 16:39",1,40.4687118,-112.0973069,TRUE,FALSE,FALSE,"S261207369"
"95","btywar","Black-throated Gray Warbler","Setophaga nigrescens","L1028900","English Camp","2025-07-19 15:13",1,48.5875545,-123.1503096,TRUE,FALSE,FALSE,"S261236686"
"96","btywar","Black-throated Gray Warbler","Setophaga nigrescens","L18504688","Wenatchee River","2025-07-19 14:30",1,47.708446,-120.682326,TRUE,FALSE,TRUE,"S261233316"
"97","btywar","Black-throated Gray Warbler","Setophaga nigrescens","L26906824","Frailey Mountain","2025-07-19 14:27",1,48.304224,-121.972309,TRUE,FALSE,FALSE,"S261191677"
"98","btywar","Black-throated Gray Warbler","Setophaga nigrescens","L352281","Pebble Beach--Bird & Seal Rocks","2025-07-19 13:20",1,36.5912431,-121.9640791,TRUE,FALSE,FALSE,"S261182688"
"99","btywar","Black-throated Gray Warbler","Setophaga nigrescens","L7628233","Tensleep Canyon--Saltlick Trail","2025-07-19 12:11",6,44.070839,-107.348549,TRUE,TRUE,FALSE,"S261171014"
"100","btywar","Black-throated Gray Warbler","Setophaga nigrescens","L5873380","God's Valley Rd.","2025-07-19 11:55",1,45.7592599,-123.7842035,TRUE,FALSE,TRUE,"S261232346"
"101","btywar","Black-throated Gray Warbler","Setophaga nigrescens","L1178461","King Nature Park","2025-07-19 11:29",3,41.7679349,-111.7776275,TRUE,FALSE,FALSE,"S261184466"
"102","btywar","Black-throated Gray Warbler","Setophaga nigrescens","L16346876","Spring Mountains NRA--Sawmill Trailhead","2025-07-19 11:15",5,36.3564718,-115.6391716,TRUE,FALSE,FALSE,"S261496407"
"103","btywar","Black-throated Gray Warbler","Setophaga nigrescens","L798569","Rock Canyon","2025-07-19 10:50",1,40.2638741,-111.6266727,TRUE,FALSE,FALSE,"S261167326"
"104","btywar","Black-throated Gray Warbler","Setophaga nigrescens","L1313468","Dinosaur NM--Harpers Corner Trail","2025-07-19 10:31",3,40.5234798,-109.0214968,TRUE,FALSE,FALSE,"S261159420"
"105","btywar","Black-throated Gray Warbler","Setophaga nigrescens","L19706217","Rattlesnake Pines yard list","2025-07-19 10:22",1,41.4681809,-122.8272278,TRUE,FALSE,TRUE,"S261460122"
"106","btywar","Black-throated Gray Warbler","Setophaga nigrescens","L27966580","Yosemite NP--Nevada Fall","2025-07-19 10:10",2,37.7248024,-119.5333529,TRUE,FALSE,FALSE,"S261260585"
"107","btywar","Black-throated Gray Warbler","Setophaga nigrescens","L5716623","Carr Canyon Road--BETWEEN Reef Townsite and Ramsey Vista CGs","2025-07-19 10:10",1,31.4283152,-110.2991402,TRUE,FALSE,FALSE,"S261166889"
"108","btywar","Black-throated Gray Warbler","Setophaga nigrescens","L1824886","Wrights Lake--vicinity","2025-07-19 10:00",1,38.8452808,-120.2358606,TRUE,FALSE,FALSE,"S261554557"
"109","btywar","Black-throated Gray Warbler","Setophaga nigrescens","L2219647","Mt. Lemmon--Summit Rd end","2025-07-19 09:34",1,32.4406665,-110.7873666,TRUE,FALSE,TRUE,"S261128148"
"110","btywar","Black-throated Gray Warbler","Setophaga nigrescens","L31700977","Buckhead Tank, Pine US-AZ (34.3232,-111.4267)","2025-07-19 09:21",1,34.323216,-111.426671,TRUE,FALSE,TRUE,"S261246402"
"111","btywar","Black-throated Gray Warbler","Setophaga nigrescens","L849905","Grand Canyon NP--Desert View","2025-07-19 08:42",1,36.043044,-111.8261862,TRUE,FALSE,FALSE,"S261352760"
"112","btywar","Black-throated Gray Warbler","Setophaga nigrescens","L219408","Cibola NF--Cienega Canyon Picnic Area","2025-07-19 08:36",2,35.167564,-106.3801861,TRUE,FALSE,FALSE,"S261720842"
"113","btywar","Black-throated Gray Warbler","Setophaga nigrescens","L50003773","Camp Navarro","2025-07-19 08:04",1,39.169825,-123.565076,TRUE,FALSE,TRUE,"S261183659"
"114","btywar","Black-throated Gray Warbler","Setophaga nigrescens","L1795679","Cibola NF - North Fork Canyon, FR39","2025-07-19 07:33",2,34.03178,-107.15636,TRUE,FALSE,TRUE,"S261179969"
"115","btywar","Black-throated Gray Warbler","Setophaga nigrescens","L50086016","Coronado National Forest, Hereford US-AZ 31.44557, -110.31404","2025-07-19 07:29",1,31.445571,-110.314037,TRUE,FALSE,TRUE,"S261138687"
"116","btywar","Black-throated Gray Warbler","Setophaga nigrescens","L50092339","Logsden Rd, Weyerhaeuser Gate, 44.69154, -123.62778","2025-07-19 07:24",1,44.691543,-123.627785,TRUE,FALSE,TRUE,"S261161124"
"117","btywar","Black-throated Gray Warbler","Setophaga nigrescens","L1275844","Carmel Valley Road at watershed summit (mp 28 to mp 32)","2025-07-19 07:20",1,36.3363869,-121.527762,TRUE,FALSE,FALSE,"S261215496"
"118","btywar","Black-throated Gray Warbler","Setophaga nigrescens","L2246388","Grand Canyon NP--South Rim Sewage Lagoons","2025-07-19 07:09",1,36.028295,-112.1853232,TRUE,FALSE,FALSE,"S261088433"
"119","btywar","Black-throated Gray Warbler","Setophaga nigrescens","L33262006","Shotgun Creek Recreation Site","2025-07-19 06:58",1,44.229975,-122.84547,TRUE,FALSE,FALSE,"S261185605"
"120","btywar","Black-throated Gray Warbler","Setophaga nigrescens","L2735278","fedrizzi residence","2025-07-19 06:42",2,39.6467601,-106.8066341,TRUE,FALSE,TRUE,"S261062041"
"121","btywar","Black-throated Gray Warbler","Setophaga nigrescens","L2361329","Zion NP--Watchman Trail","2025-07-19 06:21",3,37.1966547,-112.9735279,TRUE,FALSE,FALSE,"S261687284"
"122","btywar","Black-throated Gray Warbler","Setophaga nigrescens","L1414111","Jimmy-Come-Lately Creek Estuary","2025-07-19 06:14",3,48.0257999,-123.0089065,TRUE,FALSE,FALSE,"S261150789"
"123","btywar","Black-throated Gray Warbler","Setophaga nigrescens","L1170917","Mt. Lemmon--Cypress Picnic Area (Bear Canyon)","2025-07-19 05:58",1,32.3724669,-110.6947392,TRUE,FALSE,TRUE,"S261102771"
"124","btywar","Black-throated Gray Warbler","Setophaga nigrescens","L3755989","Spring Mountains NRA--Carpenter Canyon","2025-07-19 05:33",1,36.2421539,-115.726397,TRUE,FALSE,FALSE,"S261216908"
"125","btywar","Black-throated Gray Warbler","Setophaga nigrescens","L594031","Ackerson Meadow","2025-07-19 05:30",2,37.835,-119.847,TRUE,FALSE,FALSE,"S261479141"
"126","btywar","Black-throated Gray Warbler","Setophaga nigrescens","L129087","Sawmill Canyon","2025-07-19 05:26",1,31.4521999,-110.3761978,TRUE,FALSE,FALSE,"S261166912"
"127","btywar","Black-throated Gray Warbler","Setophaga nigrescens","L47411139","Maple Valley Heights, Renton","2025-07-18 19:30",1,47.4519025,-122.0875801,TRUE,FALSE,TRUE,"S261111194"
"128","btywar","Black-throated Gray Warbler","Setophaga nigrescens","L1542527","Mesa Verde NP--Far View Area","2025-07-18 15:36",2,37.2378593,-108.5038348,TRUE,FALSE,FALSE,"S261556090"
"129","btywar","Black-throated Gray Warbler","Setophaga nigrescens","L128886","Mt. Lemmon--Bear Canyon","2025-07-18 15:12",2,32.369668,-110.6984138,TRUE,FALSE,FALSE,"S261217874"
"130","btywar","Black-throated Gray Warbler","Setophaga nigrescens","L50038588","Donkey Creek Rd (NF-22) - Quinault","2025-07-18 13:36",1,47.2971129,-123.8375552,TRUE,FALSE,TRUE,"S260937243"
"131","btywar","Black-throated Gray Warbler","Setophaga nigrescens","L684666","White Mtns.--Grandview Campground","2025-07-18 12:43",1,37.33345,-118.1910467,TRUE,FALSE,FALSE,"S260925587"
"132","btywar","Black-throated Gray Warbler","Setophaga nigrescens","L444070","Glenwood Fish Hatchery","2025-07-18 12:06",1,33.3210796,-108.8802463,TRUE,FALSE,FALSE,"S260869879"
"133","btywar","Black-throated Gray Warbler","Setophaga nigrescens","L7998845","Gila NF--Mineral Creek, Trail 701","2025-07-18 10:58",2,33.41884,-108.829817,TRUE,FALSE,FALSE,"S260841313"
"134","btywar","Black-throated Gray Warbler","Setophaga nigrescens","L49600238","Sinbad Spring","2025-07-18 10:57",1,39.38033,-113.320995,TRUE,FALSE,FALSE,"S260950819"
"135","btywar","Black-throated Gray Warbler","Setophaga nigrescens","L12041613","Gila NF--Largo Canyon Trail","2025-07-18 10:56",2,34.1369169,-108.4730571,TRUE,FALSE,FALSE,"S260911294"
"136","btywar","Black-throated Gray Warbler","Setophaga nigrescens","L50023736","437 Mineral Creek Road, Mogollon, New Mexico, US","2025-07-18 10:13",4,33.4077548,-108.8414452,TRUE,FALSE,TRUE,"S260876734"
"137","btywar","Black-throated Gray Warbler","Setophaga nigrescens","L1542456","Carson NF-- Echo Amphitheater","2025-07-18 10:10",3,36.3592357,-106.5252373,TRUE,FALSE,FALSE,"S260822566"
"138","btywar","Black-throated Gray Warbler","Setophaga nigrescens","L887456","Horsfall Beach","2025-07-18 09:58",1,43.4538224,-124.2776012,TRUE,FALSE,FALSE,"S260830806"
"139","btywar","Black-throated Gray Warbler","Setophaga nigrescens","L6501908","16111 SW Edminston Rd, Wilsonville US-OR","2025-07-18 09:55",1,45.289133,-122.842524,TRUE,FALSE,TRUE,"S260831013"
"140","btywar","Black-throated Gray Warbler","Setophaga nigrescens","L14477693","Harbor Hill Retention Ponds","2025-07-18 09:44",1,47.357279,-122.595084,TRUE,FALSE,FALSE,"S260885445"
"141","btywar","Black-throated Gray Warbler","Setophaga nigrescens","L50039484","Clearcut by Grass Creek Loop Rd - Hwy 109","2025-07-18 08:40",1,46.9939058,-124.0000761,TRUE,FALSE,TRUE,"S260940424"
"142","btywar","Black-throated Gray Warbler","Setophaga nigrescens","L2582897","North Bank Habitat Management Area","2025-07-18 08:36",1,43.32688,-123.20296,TRUE,FALSE,TRUE,"S260957677"
"143","btywar","Black-throated Gray Warbler","Setophaga nigrescens","L2856304","Fern Ridge WMA--Richardson Park","2025-07-18 08:35",1,44.1191415,-123.3193445,TRUE,FALSE,FALSE,"S260921118"
"144","btywar","Black-throated Gray Warbler","Setophaga nigrescens","L13956457","Santa Fe NF--Grasshopper Canyon Trail","2025-07-18 08:28",1,35.5607346,-105.8105734,TRUE,FALSE,FALSE,"S260823083"
"145","btywar","Black-throated Gray Warbler","Setophaga nigrescens","L50042901","1381–1407 E Carr Canyon Rd, Hereford US-AZ 31.43006, -110.28899","2025-07-18 08:01",1,31.430058,-110.288988,TRUE,FALSE,TRUE,"S260953764"
"146","btywar","Black-throated Gray Warbler","Setophaga nigrescens","L14502108","McKenzie Gulch Loop Trail","2025-07-18 08:00",1,40.7399934,-122.9517567,TRUE,FALSE,FALSE,"S260840032"
"147","btywar","Black-throated Gray Warbler","Setophaga nigrescens","L50002261","1635–1915 E Carr Canyon Rd, Hereford US-AZ 31.43372, -110.28467","2025-07-18 07:39",1,31.43372,-110.28467,TRUE,FALSE,TRUE,"S260797378"
"148","btywar","Black-throated Gray Warbler","Setophaga nigrescens","L50042897","1409–1633 E Carr Canyon Rd, Hereford US-AZ 31.43107, -110.28530","2025-07-18 07:39",1,31.431066,-110.285304,TRUE,FALSE,TRUE,"S260953735"
"149","btywar","Black-throated Gray Warbler","Setophaga nigrescens","L11059642","Maple Creek Rd.--Bald Mountain Rd. to Canon Creek (mi 4.0 - 7.3)","2025-07-18 07:28",1,40.8538592,-123.929543,TRUE,FALSE,FALSE,"S260807527"
"150","btywar","Black-throated Gray Warbler","Setophaga nigrescens","L26095070","Drive up Carr Canyon","2025-07-18 07:27",2,31.433884,-110.284726,TRUE,FALSE,TRUE,"S260906211"
"151","btywar","Black-throated Gray Warbler","Setophaga nigrescens","L720652","Ramsey Canyon Inn (opened 1988)","2025-07-18 07:24",3,31.4486597,-110.3068952,TRUE,FALSE,FALSE,"S260855337"
"152","btywar","Black-throated Gray Warbler","Setophaga nigrescens","L49944623","North Backbone Trail","2025-07-18 07:02",2,38.568518,-105.982905,TRUE,FALSE,TRUE,"S260785720"
"153","btywar","Black-throated Gray Warbler","Setophaga nigrescens","L11516524","205 Willey Rd (private)","2025-07-18 06:51",1,48.506521,-123.041643,TRUE,FALSE,TRUE,"S260817071"
"154","btywar","Black-throated Gray Warbler","Setophaga nigrescens","L5693633","Dungeness Fish Hatchery","2025-07-18 06:09",1,48.0280211,-123.1409025,TRUE,FALSE,FALSE,"S260956048"
"155","btywar","Black-throated Gray Warbler","Setophaga nigrescens","L14894916","Crane Ave","2025-07-17 19:56",1,47.5828245,-122.5526951,TRUE,FALSE,TRUE,"S260683781"
"156","btywar","Black-throated Gray Warbler","Setophaga nigrescens","L1227775","Klickitat Wildlife Area-Stinson Flat","2025-07-17 19:53",1,45.9282295,-121.1174011,TRUE,FALSE,FALSE,"S260682918"
"157","btywar","Black-throated Gray Warbler","Setophaga nigrescens","L47861433","Rebel Ridge Trail","2025-07-17 18:46",1,39.437821,-121.081754,TRUE,FALSE,TRUE,"S261229998"
"158","btywar","Black-throated Gray Warbler","Setophaga nigrescens","L5566875","Angeles NF--Buckhorn Day Use Area","2025-07-17 18:42",10,34.3459517,-117.920352,TRUE,FALSE,FALSE,"S260696087"
"159","btywar","Black-throated Gray Warbler","Setophaga nigrescens","L49977055","Dnr Rd, Forks US-WA 47.87923, -124.31293","2025-07-17 16:29",1,47.879233,-124.312927,TRUE,FALSE,TRUE,"S260674198"
"160","btywar","Black-throated Gray Warbler","Setophaga nigrescens","L3651544","Madera Canyon--Old Baldy Trail","2025-07-17 12:27",1,31.7064483,-110.868596,TRUE,FALSE,FALSE,"S260643403"
"161","btywar","Black-throated Gray Warbler","Setophaga nigrescens","L49963773","Juniper","2025-07-17 12:10",2,39.7707334,-106.6827074,TRUE,FALSE,TRUE,"S260619472"
"162","btywar","Black-throated Gray Warbler","Setophaga nigrescens","L49963963","County Highway 201, De Beque US-CO (39.5062,-108.9429)","2025-07-17 11:56",1,39.506173,-108.942933,TRUE,FALSE,TRUE,"S260619659"
"163","btywar","Black-throated Gray Warbler","Setophaga nigrescens","L25290075","Kellogg Lake Road","2025-07-17 11:43",1,47.8974042,-121.7566925,TRUE,FALSE,FALSE,"S260647907"
"164","btywar","Black-throated Gray Warbler","Setophaga nigrescens","L31228015","Mt. Lemmon--Bigelow Trailhead","2025-07-17 11:34",1,32.4097979,-110.7132959,TRUE,FALSE,FALSE,"S260622536"
"165","btywar","Black-throated Gray Warbler","Setophaga nigrescens","L1522351","Zion NP--Taylor Creek Trail","2025-07-17 11:18",3,37.4643852,-113.1913378,TRUE,FALSE,FALSE,"S261065286"
"166","btywar","Black-throated Gray Warbler","Setophaga nigrescens","L24844736","Alcove Nature Trail","2025-07-17 10:06",3,39.1001158,-108.737922,TRUE,FALSE,FALSE,"S260603579"
"167","btywar","Black-throated Gray Warbler","Setophaga nigrescens","L552015","Rattlesnake Ridge / Snoqualmie Point Park","2025-07-17 09:30",1,47.5089687,-121.8415546,TRUE,FALSE,FALSE,"S260641713"
"168","btywar","Black-throated Gray Warbler","Setophaga nigrescens","L31113888","Hy 6 Pond","2025-07-17 08:50",2,46.5455438,-123.3992609,TRUE,FALSE,TRUE,"S260577677"
"169","btywar","Black-throated Gray Warbler","Setophaga nigrescens","L129068","Mt. Lemmon--Rose Canyon and Lake","2025-07-17 08:46",2,32.3926274,-110.7024693,TRUE,FALSE,FALSE,"S260600567"
"170","btywar","Black-throated Gray Warbler","Setophaga nigrescens","L487048","Fern Ridge WMA--Royal Ave. area (general)","2025-07-17 08:45",1,44.0705825,-123.2574606,TRUE,FALSE,FALSE,"S260641392"
"171","btywar","Black-throated Gray Warbler","Setophaga nigrescens","L1429778","Rio Grande at Buckman","2025-07-17 07:52",1,35.8357719,-106.1593696,TRUE,FALSE,FALSE,"S260600802"
"172","btywar","Black-throated Gray Warbler","Setophaga nigrescens","L49974368","315–317 Humbug Rd, Yreka US-CA 41.74729, -122.65882","2025-07-17 07:35",5,41.747287,-122.658822,TRUE,FALSE,TRUE,"S260662174"
"173","btywar","Black-throated Gray Warbler","Setophaga nigrescens","L7594822","Granite Mountain","2025-07-17 07:35",1,47.4171407,-121.4813662,TRUE,FALSE,FALSE,"S260631167"
"174","btywar","Black-throated Gray Warbler","Setophaga nigrescens","L817806","Mt. Lemmon--Windy Point","2025-07-17 07:08",1,32.3680368,-110.7164812,TRUE,FALSE,FALSE,"S260684202"
"175","btywar","Black-throated Gray Warbler","Setophaga nigrescens","L47441843","Risk Creek Valley logging road complex from 47–59 Risk Rd, Cathlamet US-WA 46.25129, -123.39679","2025-07-17 07:08",1,46.251289,-123.396793,TRUE,FALSE,TRUE,"S260570772"
"176","btywar","Black-throated Gray Warbler","Setophaga nigrescens","L7692691","Grand Canyon NP--Shoshone Point","2025-07-17 06:10",6,36.0387584,-112.0615983,TRUE,FALSE,FALSE,"S261074690"
"177","btywar","Black-throated Gray Warbler","Setophaga nigrescens","L8221926","Santa Fe Plaza","2025-07-17 06:07",1,35.6875268,-105.9383919,TRUE,FALSE,FALSE,"S260522468"
"178","btywar","Black-throated Gray Warbler","Setophaga nigrescens","L4712195","Sycamore Creek--upper Beeline Hwy","2025-07-17 05:47",1,33.9117312,-111.4825845,TRUE,FALSE,FALSE,"S260616021"
"179","btywar","Black-throated Gray Warbler","Setophaga nigrescens","L351484","Marymoor Park","2025-07-17 05:30",1,47.662576,-122.12052,TRUE,FALSE,FALSE,"S261737501"
"180","btywar","Black-throated Gray Warbler","Setophaga nigrescens","L49923130","Alpine","2025-07-16 12:39",1,38.711469,-106.289359,TRUE,FALSE,TRUE,"S260444289"
"181","btywar","Black-throated Gray Warbler","Setophaga nigrescens","L5508884","Cochise Trail--Cochise Stronghold CG to Stronghold Divide","2025-07-16 11:58",2,31.9125941,-109.9786478,TRUE,FALSE,FALSE,"S260459671"
"182","btywar","Black-throated Gray Warbler","Setophaga nigrescens","L2067150","Little Reservoir (Van Loan), Mendiboure Ranch","2025-07-16 11:09",2,40.980546,-120.4619122,TRUE,FALSE,TRUE,"S260374632"
"183","btywar","Black-throated Gray Warbler","Setophaga nigrescens","L9703690","Mesa Verde NP--Soda Canyon Overlook Trail","2025-07-16 10:25",1,37.1690594,-108.4678118,TRUE,FALSE,FALSE,"S260414184"
"184","btywar","Black-throated Gray Warbler","Setophaga nigrescens","L16288453","Ridgway State Park - Deer Run","2025-07-16 09:39",1,38.1968214,-107.7442285,TRUE,FALSE,TRUE,"S260551094"
"185","btywar","Black-throated Gray Warbler","Setophaga nigrescens","L43933572","11611 Just A Meer Ln NE, Bainbridge Island US-WA 47.66806, -122.53024","2025-07-16 09:30",NA,47.668064,-122.530241,TRUE,FALSE,TRUE,"S260372945"
"186","btywar","Black-throated Gray Warbler","Setophaga nigrescens","L4851433","Lower Oversite Canyon","2025-07-16 09:25",1,31.3799927,-110.3297965,TRUE,FALSE,FALSE,"S260380392"
"187","btywar","Black-throated Gray Warbler","Setophaga nigrescens","L199372","Kings Canyon NP--Grant Grove","2025-07-16 08:30",2,36.7433115,-118.9679553,TRUE,FALSE,FALSE,"S260444698"
"188","btywar","Black-throated Gray Warbler","Setophaga nigrescens","L1459104","Kanarra Creek Canyon","2025-07-16 08:00",1,37.5385599,-113.1578706,TRUE,FALSE,FALSE,"S260376511"
"189","btywar","Black-throated Gray Warbler","Setophaga nigrescens","L49901792","Canal Road To 1396 To East Weyco Railroad Grade To 1300 Loop, Toutle, Washington, US (46.296, -122.728)","2025-07-16 07:56",4,46.2959225,-122.7281803,TRUE,FALSE,TRUE,"S260356876"
"190","btywar","Black-throated Gray Warbler","Setophaga nigrescens","L7598145","Mesa Verde NP--Visitor & Research Center","2025-07-16 07:33",2,37.3357703,-108.4080005,TRUE,FALSE,FALSE,"S260386156"
"191","btywar","Black-throated Gray Warbler","Setophaga nigrescens","L19752695","Harden Lake","2025-07-16 07:33",6,37.8953075,-119.6752145,TRUE,FALSE,FALSE,"S261657916"
"192","btywar","Black-throated Gray Warbler","Setophaga nigrescens","L1225604","Colonial Creek Campground/Thunder Arm","2025-07-16 06:54",2,48.6901448,-121.0959492,TRUE,FALSE,FALSE,"S260392307"
"193","btywar","Black-throated Gray Warbler","Setophaga nigrescens","L6714159","Yosemite NP--Taft Point Trail","2025-07-16 06:52",1,37.7112234,-119.5991421,TRUE,FALSE,FALSE,"S260692187"
"194","btywar","Black-throated Gray Warbler","Setophaga nigrescens","L11713013","Colorado NM--Saddlehorn CG","2025-07-16 06:40",3,39.1045887,-108.7328482,TRUE,FALSE,FALSE,"S260324320"
"195","btywar","Black-throated Gray Warbler","Setophaga nigrescens","L950755","Redmond Watershed Preserve","2025-07-15 20:57",3,47.6941367,-122.0490503,TRUE,FALSE,FALSE,"S260224422"
"196","btywar","Black-throated Gray Warbler","Setophaga nigrescens","L34083198","Wahkiacus Heights Rd","2025-07-15 19:40",1,45.830397,-121.0931177,TRUE,FALSE,FALSE,"S260227251"
"197","btywar","Black-throated Gray Warbler","Setophaga nigrescens","L475860","Icehouse Canyon","2025-07-15 16:31",1,34.2484193,-117.626152,TRUE,FALSE,FALSE,"S260213398"
"198","btywar","Black-throated Gray Warbler","Setophaga nigrescens","L1434242","Six Rivers NF--Gray Falls Campground area","2025-07-15 15:56",1,40.8565617,-123.488408,TRUE,FALSE,FALSE,"S260200046"
"199","btywar","Black-throated Gray Warbler","Setophaga nigrescens","L945100","Mancos SP","2025-07-15 15:26",1,37.4011119,-108.2702548,TRUE,FALSE,FALSE,"S260182077"
"200","btywar","Black-throated Gray Warbler","Setophaga nigrescens","L18721934","Butterfly Trail--Trailhead to Crystal Spring Trail Jct 1.4","2025-07-15 11:02",3,32.4261319,-110.7342555,TRUE,FALSE,TRUE,"S260150501"
"201","btywar","Black-throated Gray Warbler","Setophaga nigrescens","L49852588","271 Shady Ln, Quilcene US-WA 47.82507, -122.89169","2025-07-15 10:47",1,47.825066,-122.891692,TRUE,FALSE,TRUE,"S260140726"
"202","btywar","Black-throated Gray Warbler","Setophaga nigrescens","L586552","Grand Canyon NP--Mather Point","2025-07-15 10:40",1,36.0612422,-112.1084833,TRUE,FALSE,FALSE,"S260143537"
"203","btywar","Black-throated Gray Warbler","Setophaga nigrescens","L9526389","Deadfall Lakes","2025-07-15 10:20",1,41.318889,-122.5057565,TRUE,FALSE,FALSE,"S260454143"
"204","btywar","Black-throated Gray Warbler","Setophaga nigrescens","L22939714","ONella Rd","2025-07-15 09:38",1,48.1308365,-123.6285706,TRUE,FALSE,TRUE,"S260140108"
"205","btywar","Black-throated Gray Warbler","Setophaga nigrescens","L17134166","Green Canyon Trail #793A","2025-07-15 09:31",1,45.2821338,-121.9313512,TRUE,FALSE,FALSE,"S260232858"
"206","btywar","Black-throated Gray Warbler","Setophaga nigrescens","L977781","Laguna Mtns.--Thing Valley/Desert View Rds.","2025-07-15 09:25",2,32.8558475,-116.4213394,TRUE,FALSE,FALSE,"S260162415"
"207","btywar","Black-throated Gray Warbler","Setophaga nigrescens","L8110446","Cantrell Rd.","2025-07-15 08:29",1,44.0413895,-123.2617194,TRUE,FALSE,TRUE,"S260118549"
"208","btywar","Black-throated Gray Warbler","Setophaga nigrescens","L4532970","Mt. Lemmon--Butterfly Trail--Davis Spring Tr to Crystal Spring Tr 1.8","2025-07-15 07:57",1,32.42812,-110.72175,TRUE,FALSE,TRUE,"S260155426"
"209","btywar","Black-throated Gray Warbler","Setophaga nigrescens","L2908031","Conrad Meadows","2025-07-15 07:39",1,46.5004466,-121.2906504,TRUE,FALSE,FALSE,"S260664134"
"210","btywar","Black-throated Gray Warbler","Setophaga nigrescens","L1062300","Columbia Children's Arboretum","2025-07-15 07:23",1,45.5929302,-122.6576328,TRUE,FALSE,FALSE,"S260320122"
"211","btywar","Black-throated Gray Warbler","Setophaga nigrescens","L339731","Cave Creek Canyon--Sunny Flat CG","2025-07-15 05:55",1,31.8847242,-109.1755749,TRUE,FALSE,FALSE,"S260137647"
"212","btywar","Black-throated Gray Warbler","Setophaga nigrescens","L367357","Skyline Ridge OSP--Alpine Pond","2025-07-14 19:12",1,37.3136561,-122.1882248,TRUE,FALSE,FALSE,"S259989029"
"213","btywar","Black-throated Gray Warbler","Setophaga nigrescens","L49815922","98377, Randle US-WA (46.4970,-121.9596)","2025-07-14 17:47",1,46.497047,-121.959597,TRUE,FALSE,TRUE,"S259974774"
"214","btywar","Black-throated Gray Warbler","Setophaga nigrescens","L3722246","Great Basin NP--Grey Cliffs Campground","2025-07-14 16:12",2,38.9899697,-114.2240381,TRUE,FALSE,FALSE,"S259968352"
"215","btywar","Black-throated Gray Warbler","Setophaga nigrescens","L854080","Pinetop--Woodland Lake Park","2025-07-14 15:20",6,34.1278366,-109.9526954,TRUE,FALSE,FALSE,"S259969518"
"216","btywar","Black-throated Gray Warbler","Setophaga nigrescens","L49807048","Dugway Rd, Gerlach US-NV 41.59087, -119.89589","2025-07-14 14:35",1,41.590867,-119.895894,TRUE,FALSE,TRUE,"S259934514"
"217","btywar","Black-throated Gray Warbler","Setophaga nigrescens","L128888","Mt. Lemmon--Bear Canyon (Cypress, Middle Bear, Chihuahua Pine Picnic Areas)","2025-07-14 12:14",1,32.3731003,-110.6912994,TRUE,FALSE,FALSE,"S259975040"
"218","btywar","Black-throated Gray Warbler","Setophaga nigrescens","L7992584","Mats Mats","2025-07-14 11:56",1,47.9427908,-122.6890361,TRUE,FALSE,TRUE,"S259929818"
"219","btywar","Black-throated Gray Warbler","Setophaga nigrescens","L1237789","Tollbridge County Park","2025-07-14 11:20",1,45.5186373,-121.5693641,TRUE,FALSE,FALSE,"S259902514"
"220","btywar","Black-throated Gray Warbler","Setophaga nigrescens","L2141911","William L. Finley NWR--Muddy Creek at Finley Refuge Road","2025-07-14 11:07",1,44.4205468,-123.319598,TRUE,FALSE,TRUE,"S259896399"
"221","btywar","Black-throated Gray Warbler","Setophaga nigrescens","L2323959","Kilchis Point Reserve","2025-07-14 11:02",1,45.50958,-123.8802052,TRUE,FALSE,FALSE,"S259913564"
"222","btywar","Black-throated Gray Warbler","Setophaga nigrescens","L49814938","Coronado Trail #1 (33.157, -109.371)","2025-07-14 10:53",1,33.1569588,-109.3713983,TRUE,FALSE,TRUE,"S259970533"
"223","btywar","Black-throated Gray Warbler","Setophaga nigrescens","L2862383","East Turkey Creek at FR42/FR42B","2025-07-14 10:37",1,31.9086083,-109.2508256,TRUE,FALSE,FALSE,"S259975600"
"224","btywar","Black-throated Gray Warbler","Setophaga nigrescens","L43863039","Elk Ridge Campground, Ridgway State Park","2025-07-14 10:30",1,38.2174807,-107.7384567,TRUE,FALSE,TRUE,"S259881489"
"225","btywar","Black-throated Gray Warbler","Setophaga nigrescens","L742971","Fern Ridge WMA--West Coyote Unit","2025-07-14 09:43",2,44.0467585,-123.2749271,TRUE,FALSE,FALSE,"S259898446"
"226","btywar","Black-throated Gray Warbler","Setophaga nigrescens","L35691341","Basin Trailhead-N. Fork Cave Creek","2025-07-14 09:37",3,31.899402,-109.238528,TRUE,FALSE,TRUE,"S259975572"
"227","btywar","Black-throated Gray Warbler","Setophaga nigrescens","L1182097","Conboy NWR--Willard Springs Foot Trail","2025-07-14 09:02",1,45.9759095,-121.3367897,TRUE,FALSE,FALSE,"S259955501"
"228","btywar","Black-throated Gray Warbler","Setophaga nigrescens","L24407792","Larson Lake Rd","2025-07-14 08:50",2,47.9259255,-122.7552895,TRUE,FALSE,FALSE,"S259872257"
"229","btywar","Black-throated Gray Warbler","Setophaga nigrescens","L268114","Madera Canyon--Santa Rita Lodge","2025-07-14 08:50",1,31.7251514,-110.8801067,TRUE,FALSE,FALSE,"S259882339"
"230","btywar","Black-throated Gray Warbler","Setophaga nigrescens","L2922029","Olson Rd., Sequim","2025-07-14 08:31",1,48.0469367,-123.1859305,TRUE,FALSE,FALSE,"S259886129"
"231","btywar","Black-throated Gray Warbler","Setophaga nigrescens","L128530","Discovery Park","2025-07-14 07:55",1,47.663868,-122.4215317,TRUE,FALSE,FALSE,"S260861542"
"232","btywar","Black-throated Gray Warbler","Setophaga nigrescens","L13349233","Oxbow Loop Trail","2025-07-14 07:23",3,47.5148364,-121.6109723,TRUE,FALSE,FALSE,"S259881239"
"233","btywar","Black-throated Gray Warbler","Setophaga nigrescens","L279921","Peppersauce Canyon","2025-07-14 07:21",5,32.5379839,-110.716606,TRUE,FALSE,FALSE,"S260048018"
"234","btywar","Black-throated Gray Warbler","Setophaga nigrescens","L1578773","House of the Subtle Sun","2025-07-14 07:00",1,46.3594357,-123.8086088,TRUE,FALSE,TRUE,"S259970454"
"235","btywar","Black-throated Gray Warbler","Setophaga nigrescens","L49577897","Canal Rd To 1396 To 1300 Loop, Toutle, Washington, US (46.296, -122.729)","2025-07-14 06:38",1,46.2959355,-122.7285254,TRUE,FALSE,TRUE,"S259863867"
"236","btywar","Black-throated Gray Warbler","Setophaga nigrescens","L1458289","Riendo Zorro (Private)","2025-07-14 06:22",1,38.2514145,-105.5665922,TRUE,TRUE,TRUE,"S259837821"
"237","btywar","Black-throated Gray Warbler","Setophaga nigrescens","L49789912","RV stay, 1702 Stringer Gap Road, Grants Pass, Oregon, US (42.38, -123.393)","2025-07-14 06:08",1,42.3799186,-123.3928912,TRUE,FALSE,TRUE,"S259868798"
